{
  "z": 11,
  "originX": 280177.97150435555,
  "originY": 183281.26911242618,
  "w": 900,
  "h": 600
}